vti_encoding:SR|utf8-nl
vti_timelastmodified:TR|18 Sep 2025 12:40:39 -0000
vti_extenderversion:SR|6.0.2.8161
vti_nosourcecontrol:SR|True
vti_author:SR|SAF-ACER\\safen
vti_modifiedby:SR|SAF-ACER\\safen
vti_nexttolasttimemodified:TR|18 Sep 2025 12:40:39 -0000
vti_timecreated:TR|18 Sep 2025 12:40:39 -0000
vti_cacheddtm:TX|18 Sep 2025 12:40:39 -0000
vti_filesize:IR|0
vti_backlinkinfo:VX|admin/judges/Esben.asp
vti_syncofs_2.59.119.221\:21:TW|18 Sep 2025 14:59:00 -0000
vti_syncwith_2.59.119.221\:21:TW|18 Sep 2025 12:40:39 -0000
